{
  "averageImdbRating": 6.015971708909443,
  "averageImdbVotes": 4096.308601767255
}