{
  "averageImdbRating": 6.016012281668598,
  "averageImdbVotes": 4098.084490831862
}