{
  "averageImdbRating": 6.016052798302537,
  "averageImdbVotes": 4097.6926047137595
}