{
  "averageImdbRating": 6.016056763534002,
  "averageImdbVotes": 4098.302251575203
}