{
  "averageImdbRating": 6.014763063308073,
  "averageImdbVotes": 4115.619695844879
}