{
  "averageImdbRating": 6.015961035501071,
  "averageImdbVotes": 4095.9501048784423
}