{
  "averageImdbRating": 6.430947667631084,
  "averageImdbVotes": 4122.323491932381,
  "titles": {}
}