{
  "averageImdbRating": 6.431047261282298,
  "averageImdbVotes": 4122.24783409943,
  "titles": {}
}
